{"cameraMode":{"drawMode":0,"name":"Shaded","section":"Shading Mode"},"sceneLighting":true,"audioPlay":false,"sceneViewState":{"showFog":false,"showMaterialUpdate":false,"showSkybox":false,"showFlares":false,"showImageEffects":false,"showParticleSystems":false},"in2DMode":false,"pivot":{"x":-2.983919858932495,"y":0.13596230745315553,"z":-3.5754339694976808},"rotation":{"x":0.1464034765958786,"y":0.11251156032085419,"z":-0.01676211692392826,"w":0.9826646447181702},"size":4.359461784362793,"orthographic":false}