{"cameraMode":{"drawMode":0,"name":"Shaded","section":"Shading Mode"},"sceneLighting":true,"audioPlay":false,"sceneViewState":{"showFog":false,"showMaterialUpdate":false,"showSkybox":false,"showFlares":false,"showImageEffects":false,"showParticleSystems":false},"in2DMode":false,"pivot":{"x":5.983522415161133,"y":4.759820461273193,"z":-3.651280403137207},"rotation":{"x":0.0002864599518943578,"y":0.9997130632400513,"z":0.01618712767958641,"w":-0.017695801332592965},"size":10.0,"orthographic":false}