{"cameraMode":{"drawMode":0,"name":"Shaded","section":"Shading Mode"},"sceneLighting":true,"audioPlay":false,"sceneViewState":{"showFog":false,"showMaterialUpdate":false,"showSkybox":false,"showFlares":false,"showImageEffects":false,"showParticleSystems":false},"in2DMode":false,"pivot":{"x":0.6061322093009949,"y":0.6936141848564148,"z":-8.113897323608399},"rotation":{"x":0.052481867372989658,"y":0.18172137439250947,"z":-0.009712114930152893,"w":0.9819029569625855},"size":4.359461784362793,"orthographic":false}