{"cameraMode":{"drawMode":0,"name":"Shaded","section":"Shading Mode"},"sceneLighting":false,"audioPlay":false,"sceneViewState":{"showFog":false,"showMaterialUpdate":false,"showSkybox":false,"showFlares":false,"showImageEffects":false,"showParticleSystems":false},"in2DMode":false,"pivot":{"x":2.196388006210327,"y":0.08515017479658127,"z":-1.5954400300979615},"rotation":{"x":-0.012697734870016575,"y":0.9163818359375,"z":-0.02915961481630802,"w":-0.3990497589111328},"size":2.8578836917877199,"orthographic":false}